id,word,length,n_synsets,n_synonyms,n_avg_synonyms,n_consonants,n_vowels,n_hypernyms,n_avg_hypernyms,n_hyponyms,n_avg_hyponyms,n_consonantconjuncts,n_syllables,label
8662,फूँकी,5,4,13,3.25,2,3,45,11.25,0,0.0,0,2,0
8663,फूँक,4,4,13,3.25,2,2,45,11.25,0,0.0,0,1,0
8664,कश,2,1,8,8.0,2,0,1,1.0,0,0.0,0,1,0
8665,सुट्टा,6,3,15,5.0,3,3,16,5.333333333333333,0,0.0,1,2,0
8666,चुस्की,6,5,27,5.4,3,3,15,3.0,0,0.0,1,2,0
8667,चुसकी,5,4,23,5.75,3,2,11,2.75,0,0.0,0,2,0
8668,रंजक,4,7,63,9.0,3,1,26,3.7142857142857144,2,0.2857142857142857,0,2,0
8669,रञ्जक,5,5,58,11.6,4,1,17,3.4,0,0.0,1,2,0
