id,word,length,n_synsets,n_synonyms,n_avg_synonyms,n_consonants,n_vowels,n_hypernyms,n_avg_hypernyms,n_hyponyms,n_avg_hyponyms,n_consonantconjuncts,n_syllables,label
15065,जीत,3,1,9,9.0,2,1,6,6.0,8,8.0,0,1,0
15066,विजय,4,3,16,5.333333333333333,3,1,47,15.666666666666666,17,5.666666666666667,0,2,0
15067,जय,2,6,23,3.8333333333333335,2,0,65,10.833333333333334,8,1.3333333333333333,0,1,0
15068,सफलता,5,2,15,7.5,4,1,8,4.0,17,8.5,0,3,0
15069,जयश्री,6,2,10,5.0,4,2,9,4.5,8,4.0,1,3,0
15070,विजयश्री,8,1,9,9.0,5,3,6,6.0,8,8.0,1,4,0
15071,फतह,3,2,15,7.5,3,0,8,4.0,17,8.5,0,2,0
15072,अभिजय,5,1,9,9.0,3,2,6,6.0,8,8.0,0,3,0
15073,अभिभावन,7,1,9,9.0,4,3,6,6.0,8,8.0,0,4,0
