id,word,length,n_synsets,n_synonyms,n_avg_synonyms,n_consonants,n_vowels,n_hypernyms,n_avg_hypernyms,n_hyponyms,n_avg_hyponyms,n_consonantconjuncts,n_syllables,label
12009,पहुंच,5,6,28,4.666666666666667,3,2,81,13.5,9,1.5,0,2,0
12010,पहुँच,5,6,28,4.666666666666667,3,2,81,13.5,9,1.5,0,2,0
12011,दौड़,4,4,11,2.75,2,2,31,7.75,8,2.0,0,1,0
12012,प्रवेश,6,3,19,6.333333333333333,4,2,41,13.666666666666666,16,5.333333333333333,1,3,0
12013,पकड़,4,3,11,3.6666666666666665,3,1,42,14.0,4,1.3333333333333333,0,2,0
12014,रसाई,4,2,14,7.0,2,2,7,3.5,0,0.0,0,2,0
12015,पहुँचना,7,1,5,5.0,4,3,1,1.0,0,0.0,0,3,0
12016,पहुंचना,7,1,5,5.0,4,3,1,1.0,0,0.0,0,3,0
