id,word,length,n_synsets,n_synonyms,n_avg_synonyms,n_consonants,n_vowels,n_hypernyms,n_avg_hypernyms,n_hyponyms,n_avg_hyponyms,n_consonantconjuncts,n_syllables,label
1856,आग्रह,5,1,8,8.0,3,2,7,7.0,12,12.0,1,2,0
1857,अनुरोध,6,3,51,17.0,3,3,17,5.666666666666667,69,23.0,0,3,0
1858,दरख्वास्त,9,2,19,9.5,6,3,16,8.0,12,6.0,2,3,0
1859,दरखास्त,7,2,19,9.5,5,2,16,8.0,12,6.0,1,3,0
1860,दरख़्वास्त,10,2,19,9.5,6,4,16,8.0,12,6.0,2,2,0
1861,दरख़ास्त,8,2,19,9.5,5,3,16,8.0,12,6.0,1,3,0
1862,इसरार,5,3,37,12.333333333333334,3,2,21,7.0,13,4.333333333333333,0,3,0
1863,इस्रार,6,3,37,12.333333333333334,3,3,21,7.0,13,4.333333333333333,1,2,0
