id,word,length,n_synsets,n_synonyms,n_avg_synonyms,n_consonants,n_vowels,n_hypernyms,n_avg_hypernyms,n_hyponyms,n_avg_hyponyms,n_consonantconjuncts,n_syllables,label
9597,चारण,4,1,12,12.0,3,1,6,6.0,0,0.0,0,2,0
9598,बंदीजन,6,1,12,12.0,4,2,6,6.0,0,0.0,0,3,0
9599,चाक्रिक,7,1,12,12.0,4,3,6,6.0,0,0.0,1,2,0
9600,मंख,3,2,19,9.5,2,1,26,13.0,0,0.0,0,1,0
9601,मगध,3,2,13,6.5,3,0,16,8.0,0,0.0,0,2,0
9602,अवबोधक,6,3,142,47.333333333333336,4,2,23,7.666666666666667,38,12.666666666666666,0,4,0
9603,भट्ट,4,4,27,6.75,3,1,63,15.75,6,1.5,1,1,0
9604,कविराज,6,3,21,7.0,4,2,31,10.333333333333334,8,2.6666666666666665,0,3,1
9605,स्तुतिपाठक,10,1,12,12.0,6,4,6,6.0,0,0.0,1,5,0
