id,word,length,n_synsets,n_synonyms,n_avg_synonyms,n_consonants,n_vowels,n_hypernyms,n_avg_hypernyms,n_hyponyms,n_avg_hyponyms,n_consonantconjuncts,n_syllables,label
15356,ऋण,2,3,10,3.3333333333333335,1,1,48,16.0,16,5.333333333333333,0,1,0
15357,क़र्ज़,6,3,23,7.666666666666667,3,3,39,13.0,3,1.0,1,1,0
15358,कर्ज,4,3,23,7.666666666666667,3,1,39,13.0,3,1.0,1,1,0
15359,कर्जा,5,3,23,7.666666666666667,3,2,39,13.0,3,1.0,1,2,0
15360,क़र्ज़ा,7,3,23,7.666666666666667,3,4,39,13.0,3,1.0,1,1,0
15361,उधार,4,3,23,7.666666666666667,2,2,39,13.0,3,1.0,0,2,0
15362,प्रामीत्य,9,1,8,8.0,5,4,25,25.0,3,3.0,2,4,0
15363,लोन,3,2,15,7.5,2,1,43,21.5,47,23.5,0,1,0
