id,word,length,n_synsets,n_synonyms,n_avg_synonyms,n_consonants,n_vowels,n_hypernyms,n_avg_hypernyms,n_hyponyms,n_avg_hyponyms,n_consonantconjuncts,n_syllables,label
6545,गुज़ारिश,8,1,7,7.0,4,4,20,20.0,49,49.0,0,3,0
6546,अभिवेदन,7,1,7,7.0,4,3,20,20.0,49,49.0,0,4,0
6547,अर्ज,4,1,7,7.0,2,2,20,20.0,49,49.0,1,1,0
6548,आवेदन,5,3,29,9.666666666666666,3,2,31,10.333333333333334,54,18.0,0,3,0
6549,निहोरा,6,1,7,7.0,3,3,20,20.0,49,49.0,0,3,0
6550,अपील,4,3,10,3.3333333333333335,2,2,35,11.666666666666666,49,16.333333333333332,0,2,0
