id,word,length,n_synsets,n_synonyms,n_avg_synonyms,n_consonants,n_vowels,n_hypernyms,n_avg_hypernyms,n_hyponyms,n_avg_hyponyms,n_consonantconjuncts,n_syllables,label
8888,मुट्ठी,6,3,10,3.3333333333333335,3,3,14,4.666666666666667,4,1.3333333333333333,1,2,0
8889,मुष्टि,6,2,6,3.0,3,3,6,3.0,4,2.0,1,2,0
8890,मुष्टिका,8,3,13,4.333333333333333,4,4,22,7.333333333333333,4,1.3333333333333333,1,3,0
8891,मूठी,4,2,8,4.0,2,2,10,5.0,4,2.0,0,2,0
8892,मुश्त,5,1,5,5.0,3,2,4,4.0,4,4.0,1,1,0
8893,मुठी,4,1,2,2.0,2,2,4,4.0,0,0.0,0,2,0
