id,word,length,n_synsets,n_synonyms,n_avg_synonyms,n_consonants,n_vowels,n_hypernyms,n_avg_hypernyms,n_hyponyms,n_avg_hyponyms,n_consonantconjuncts,n_syllables,label
6002,कलावे,5,3,11,3.6666666666666665,3,2,31,10.333333333333334,0,0.0,0,3,0
6003,कलावा,5,3,11,3.6666666666666665,3,2,31,10.333333333333334,0,0.0,0,3,0
6004,नारा,4,5,29,5.8,2,2,39,7.8,0,0.0,0,2,0
6005,नाड़ा,5,3,21,7.0,2,3,31,10.333333333333334,0,0.0,0,2,0
6006,मौली,4,1,6,6.0,2,2,11,11.0,0,0.0,0,2,0
6007,मंगलसूत्र,9,2,8,4.0,6,3,13,6.5,0,0.0,1,5,0
6008,कालावा,6,1,2,2.0,3,3,17,17.0,0,0.0,0,3,0
