id,word,length,n_synsets,n_synonyms,n_avg_synonyms,n_consonants,n_vowels,n_hypernyms,n_avg_hypernyms,n_hyponyms,n_avg_hyponyms,n_consonantconjuncts,n_syllables,label
15734,तना,3,1,9,9.0,2,1,2,2.0,4,4.0,0,1,0
15735,स्तंभ,5,7,47,6.714285714285714,3,2,54,7.714285714285714,37,5.285714285714286,1,2,1
15736,स्तम्भ,6,7,47,6.714285714285714,4,2,54,7.714285714285714,37,5.285714285714286,2,2,0
15737,पेड़ी,5,6,14,2.3333333333333335,2,3,52,8.666666666666666,5,0.8333333333333334,0,2,0
15738,माँझा,5,4,21,5.25,2,3,15,3.75,4,1.0,0,2,0
15739,मांझा,5,4,21,5.25,2,3,15,3.75,4,1.0,0,2,0
