id,word,length,n_synsets,n_synonyms,n_avg_synonyms,n_consonants,n_vowels,n_hypernyms,n_avg_hypernyms,n_hyponyms,n_avg_hyponyms,n_consonantconjuncts,n_syllables,label
14384,रोब,3,3,23,7.666666666666667,2,1,38,12.666666666666666,8,2.6666666666666665,0,1,1
14385,रौब,3,3,23,7.666666666666667,2,1,38,12.666666666666666,8,2.6666666666666665,0,1,0
14386,दबदबा,5,1,14,14.0,4,1,26,26.0,8,8.0,0,3,0
14387,बोलबाला,7,1,14,14.0,4,3,26,26.0,8,8.0,0,4,1
14388,रुआब,4,1,14,14.0,2,2,26,26.0,8,8.0,0,1,1
14389,रोआब,4,1,14,14.0,2,2,26,26.0,8,8.0,0,1,0
14390,धाँक,4,2,15,7.5,2,2,28,14.0,8,4.0,0,1,0
14391,दाब,3,3,13,4.333333333333333,2,1,36,12.0,3,1.0,0,1,0
14392,प्रताप,6,1,7,7.0,4,2,8,8.0,0,0.0,1,3,0
