id,word,length,n_synsets,n_synonyms,n_avg_synonyms,n_consonants,n_vowels,n_hypernyms,n_avg_hypernyms,n_hyponyms,n_avg_hyponyms,n_consonantconjuncts,n_syllables,label
1739,मेहनत,5,1,9,9.0,4,1,8,8.0,15,15.0,0,3,0
1740,परिश्रम,7,1,9,9.0,5,2,8,8.0,15,15.0,1,3,0
1741,उद्यम,5,4,56,14.0,3,2,28,7.0,133,33.25,1,2,1
1742,श्रम,4,1,9,9.0,3,1,8,8.0,15,15.0,1,2,0
1743,आयास,4,1,9,9.0,2,2,8,8.0,15,15.0,0,2,1
1744,मशक्कत,6,3,25,8.333333333333334,5,1,73,24.333333333333332,29,9.666666666666666,1,3,0
1745,कसाला,5,2,58,29.0,3,2,14,7.0,104,52.0,0,3,0
1746,ज़ोर,4,8,82,10.25,2,2,114,14.25,246,30.75,0,1,0
1747,जोर,3,8,82,10.25,2,1,114,14.25,246,30.75,0,1,1
