id,word,length,n_synsets,n_synonyms,n_avg_synonyms,n_consonants,n_vowels,n_hypernyms,n_avg_hypernyms,n_hyponyms,n_avg_hyponyms,n_consonantconjuncts,n_syllables,label
5500,प्रथम,5,3,19,6.333333333333333,4,1,0,0.0,0,0.0,1,3,0
5501,पहला,4,3,19,6.333333333333333,3,1,11,3.6666666666666665,0,0.0,0,2,0
5502,औवल,3,2,16,8.0,2,1,0,0.0,0,0.0,0,2,0
5503,औव्वल,5,2,16,8.0,3,2,0,0.0,0,0.0,1,2,0
5504,पहिला,5,2,16,8.0,3,2,0,0.0,0,0.0,0,3,0
5505,अगला,4,2,10,5.0,2,2,30,15.0,5,2.5,0,2,0
5506,इकटा,4,2,15,7.5,2,2,0,0.0,0,0.0,0,2,0
5507,१ला,3,3,19,6.333333333333333,1,1,11,3.6666666666666665,0,0.0,0,2,0
5508,1ला,3,3,19,6.333333333333333,1,1,11,3.6666666666666665,0,0.0,0,2,0
