id,word,length,n_synsets,n_synonyms,n_avg_synonyms,n_consonants,n_vowels,n_hypernyms,n_avg_hypernyms,n_hyponyms,n_avg_hyponyms,n_consonantconjuncts,n_syllables,label
9373,धुकधुकी,7,1,7,7.0,4,3,6,6.0,0,0.0,0,4,0
9374,धड़कन,5,1,7,7.0,4,1,6,6.0,0,0.0,0,2,0
9375,धकधक,4,3,19,6.333333333333333,4,0,28,9.333333333333334,0,0.0,0,3,0
9376,धकधकी,5,3,19,6.333333333333333,4,1,28,9.333333333333334,0,0.0,0,3,0
9377,धड़क,4,3,19,6.333333333333333,3,1,28,9.333333333333334,0,0.0,0,1,0
