id,word,length,n_synsets,n_synonyms,n_avg_synonyms,n_consonants,n_vowels,n_hypernyms,n_avg_hypernyms,n_hyponyms,n_avg_hyponyms,n_consonantconjuncts,n_syllables,label
6636,अर्हत्,6,1,10,10.0,3,3,8,8.0,68,68.0,2,2,0
6637,तीर्थंकर,8,1,10,10.0,5,3,8,8.0,68,68.0,1,3,1
6638,जिन,3,3,23,7.666666666666667,2,1,45,15.0,82,27.333333333333332,0,1,1
6639,अर्हन,5,2,38,19.0,3,2,20,10.0,106,53.0,1,2,0
6640,अर्हत,5,2,38,19.0,3,2,20,10.0,106,53.0,1,2,0
6641,अरहत,4,2,38,19.0,3,1,20,10.0,106,53.0,0,3,1
6642,अरहन,4,4,45,11.25,3,1,44,11.0,108,27.0,0,3,0
6643,जिनदेव,6,1,10,10.0,4,2,8,8.0,68,68.0,0,3,1
6644,तीर्थकर,7,1,10,10.0,5,2,8,8.0,68,68.0,1,3,1
