id,word,length,n_synsets,n_synonyms,n_avg_synonyms,n_consonants,n_vowels,n_hypernyms,n_avg_hypernyms,n_hyponyms,n_avg_hyponyms,n_consonantconjuncts,n_syllables,label
9205,नायक,4,3,16,5.333333333333333,3,1,23,7.666666666666667,100,33.333333333333336,0,2,0
9206,हीरो,4,1,6,6.0,2,2,7,7.0,2,2.0,0,2,0
9207,सितारा,6,9,57,6.333333333333333,3,3,85,9.444444444444445,53,5.888888888888889,0,3,0
9208,स्टार,5,9,46,5.111111111111111,3,2,89,9.88888888888889,148,16.444444444444443,1,2,0
9209,अंगी,4,3,17,5.666666666666667,1,3,25,8.333333333333334,100,33.333333333333336,0,2,0
9210,नेता,4,2,13,6.5,2,2,24,12.0,104,52.0,0,2,0
9211,सरदार,5,7,59,8.428571428571429,4,1,78,11.142857142857142,116,16.571428571428573,0,3,0
9212,लीडर,4,3,19,6.333333333333333,3,1,33,11.0,109,36.333333333333336,0,2,0
9213,अमनैक,5,1,9,9.0,3,2,15,15.0,98,98.0,0,3,0
