id,word,length,n_synsets,n_synonyms,n_avg_synonyms,n_consonants,n_vowels,n_hypernyms,n_avg_hypernyms,n_hyponyms,n_avg_hyponyms,n_consonantconjuncts,n_syllables,label
8693,बूँद,4,2,12,6.0,2,2,30,15.0,20,10.0,0,1,0
8694,कण,2,2,17,8.5,2,0,32,16.0,53,26.5,0,1,0
8695,क़तरा,5,1,10,10.0,3,2,16,16.0,20,20.0,0,2,0
8696,बूंद,4,2,12,6.0,2,2,30,15.0,20,10.0,0,1,0
8697,बुंद,4,1,10,10.0,2,2,16,16.0,20,20.0,0,1,0
8698,बुन्द,5,1,10,10.0,3,2,16,16.0,20,20.0,1,1,0
8699,बिंदु,5,6,54,9.0,2,3,68,11.333333333333334,53,8.833333333333334,0,2,0
8700,बिन्दु,6,6,54,9.0,3,3,68,11.333333333333334,53,8.833333333333334,1,2,0
8701,टीप,3,1,10,10.0,2,1,16,16.0,20,20.0,0,1,0
