id,word,length,n_synsets,n_synonyms,n_avg_synonyms,n_consonants,n_vowels,n_hypernyms,n_avg_hypernyms,n_hyponyms,n_avg_hyponyms,n_consonantconjuncts,n_syllables,label
5835,लोभ,3,1,12,12.0,2,1,86,86.0,0,0.0,0,1,0
5836,लालच,4,2,14,7.0,3,1,87,43.5,1,0.5,0,2,0
5837,ललक,3,2,20,10.0,3,0,172,86.0,0,0.0,0,2,0
5838,प्रलोभन,7,2,14,7.0,5,2,87,43.5,1,0.5,1,4,0
5839,प्रलोभ,6,1,12,12.0,4,2,86,86.0,0,0.0,1,3,0
5840,आमिष,4,5,39,7.8,2,2,149,29.8,39,7.8,0,2,0
5841,तमा,3,3,71,23.666666666666668,2,1,164,54.666666666666664,52,17.333333333333332,0,1,0
5842,इकस,3,2,38,19.0,2,1,102,51.0,0,0.0,0,2,1
