id,word,length,n_synsets,n_synonyms,n_avg_synonyms,n_consonants,n_vowels,n_hypernyms,n_avg_hypernyms,n_hyponyms,n_avg_hyponyms,n_consonantconjuncts,n_syllables,label
14042,बिछावन,6,2,7,3.5,4,2,9,4.5,25,12.5,0,3,0
14043,बिस्तर,6,1,5,5.0,4,2,3,3.0,25,25.0,1,2,0
14044,बिछौना,6,1,5,5.0,3,3,3,3.0,25,25.0,0,3,0
14045,आस्तर,5,3,32,10.666666666666666,3,2,10,3.3333333333333335,88,29.333333333333332,1,2,0
14046,आस्तरण,6,5,22,4.4,4,2,46,9.2,38,7.6,1,3,0
14047,आसन,3,6,27,4.5,2,1,59,9.833333333333334,60,10.0,0,2,0
