id,word,length,n_synsets,n_synonyms,n_avg_synonyms,n_consonants,n_vowels,n_hypernyms,n_avg_hypernyms,n_hyponyms,n_avg_hyponyms,n_consonantconjuncts,n_syllables,label
5702,पर,2,2,17,8.5,2,0,8,4.0,13,6.5,0,1,0
5703,पंख,3,2,17,8.5,2,1,8,4.0,13,6.5,0,1,0
5704,पाँख,4,2,17,8.5,2,2,8,4.0,13,6.5,0,1,0
5705,पांख,4,2,17,8.5,2,2,8,4.0,13,6.5,0,1,0
5706,डैना,4,1,10,10.0,2,2,2,2.0,7,7.0,0,2,0
5707,छद,2,3,43,14.333333333333334,2,0,10,3.3333333333333335,143,47.666666666666664,0,1,0
5708,पतत्र,5,3,23,7.666666666666667,4,1,21,7.0,38,12.666666666666666,1,3,0
5709,पाख,3,4,23,5.75,2,1,21,5.25,37,9.25,0,1,0
5710,पाँखड़ा,7,1,7,7.0,3,4,6,6.0,6,6.0,0,2,0
