id,word,length,n_synsets,n_synonyms,n_avg_synonyms,n_consonants,n_vowels,n_hypernyms,n_avg_hypernyms,n_hyponyms,n_avg_hyponyms,n_consonantconjuncts,n_syllables,label
8705,कोहरा,5,1,8,8.0,3,2,2,2.0,0,0.0,0,2,0
8706,कुहरा,5,1,8,8.0,3,2,2,2.0,0,0.0,0,2,0
8707,कुहासा,6,1,8,8.0,3,3,2,2.0,0,0.0,0,3,0
8708,कूहा,4,1,8,8.0,2,2,2,2.0,0,0.0,0,2,0
8709,मिहिका,6,4,86,21.5,3,3,18,4.5,7,1.75,0,3,0
8710,निहार,5,3,31,10.333333333333334,3,2,10,3.3333333333333335,35,11.666666666666666,0,2,0
8711,नभोरेणु,7,1,8,8.0,4,3,2,2.0,0,0.0,0,4,0
8712,नीहार,5,3,33,11.0,3,2,20,6.666666666666667,35,11.666666666666666,0,2,0
