id,word,length,n_synsets,n_synonyms,n_avg_synonyms,n_consonants,n_vowels,n_hypernyms,n_avg_hypernyms,n_hyponyms,n_avg_hyponyms,n_consonantconjuncts,n_syllables,label
1981,भड़का,5,1,9,9.0,3,2,0,0.0,0,0.0,0,2,0
1982,उत्तेजित,8,1,9,9.0,4,4,0,0.0,0,0.0,1,3,0
1983,उद्वेलित,8,3,15,5.0,4,4,0,0.0,0,0.0,1,3,0
1984,गर्म,4,6,38,6.333333333333333,3,1,0,0.0,0,0.0,1,1,0
1985,गरम,3,6,38,6.333333333333333,3,0,0,0.0,0,0.0,0,2,0
1986,उद्दीप्त,8,3,18,6.0,4,4,0,0.0,0,0.0,2,2,0
1987,उद्दीपित,8,3,18,6.0,4,4,0,0.0,0,0.0,1,3,0
1988,उध्वत,5,1,9,9.0,3,2,0,0.0,0,0.0,1,2,0
1989,अर्णव,5,6,188,31.333333333333332,3,2,102,17.0,238,39.666666666666664,1,2,1
