id,word,length,n_synsets,n_synonyms,n_avg_synonyms,n_consonants,n_vowels,n_hypernyms,n_avg_hypernyms,n_hyponyms,n_avg_hyponyms,n_consonantconjuncts,n_syllables,label
8405,प्रसार,6,2,15,7.5,4,2,16,8.0,60,30.0,1,3,0
8406,फैलाव,5,2,15,7.5,3,2,16,8.0,60,30.0,0,2,0
8407,विस्तार,7,3,17,5.666666666666667,4,3,17,5.666666666666667,60,20.0,1,2,0
8408,पसार,4,1,8,8.0,3,1,1,1.0,6,6.0,0,2,0
8409,आयामन,5,1,8,8.0,3,2,1,1.0,6,6.0,0,3,0
8410,आस्तार,6,1,8,8.0,3,3,1,1.0,6,6.0,1,2,0
8411,वितान,5,3,17,5.666666666666667,3,2,30,10.0,57,19.0,0,2,0
8412,प्रसृति,7,3,29,9.666666666666666,4,3,30,10.0,153,51.0,1,4,0
8413,व्रतती,6,2,23,11.5,4,2,17,8.5,476,238.0,1,3,0
