id,word,length,n_synsets,n_synonyms,n_avg_synonyms,n_consonants,n_vowels,n_hypernyms,n_avg_hypernyms,n_hyponyms,n_avg_hyponyms,n_consonantconjuncts,n_syllables,label
356,भैया,4,2,17,8.5,2,2,6,3.0,0,0.0,0,2,0
357,भइया,4,4,29,7.25,2,2,25,6.25,46,11.5,0,2,0
358,दादा,4,5,37,7.4,2,2,51,10.2,5,1.0,0,2,0
359,अग्रज,5,1,12,12.0,3,2,4,4.0,0,0.0,1,2,0
360,अग्रजन्मा,9,1,12,12.0,5,4,4,4.0,0,0.0,2,4,0
361,भाईसाहब,7,2,17,8.5,4,3,6,3.0,0,0.0,0,3,0
362,पित्र्य,7,4,31,7.75,4,3,30,7.5,0,0.0,2,2,0
363,पूर्वज,6,3,29,9.666666666666666,4,2,34,11.333333333333334,6,2.0,1,2,0
364,भाई,3,3,17,5.666666666666667,1,2,21,7.0,46,15.333333333333334,0,1,0
