id,word,length,n_synsets,n_synonyms,n_avg_synonyms,n_consonants,n_vowels,n_hypernyms,n_avg_hypernyms,n_hyponyms,n_avg_hyponyms,n_consonantconjuncts,n_syllables,label
2247,कोठरी,5,2,10,5.0,3,2,21,10.5,9,4.5,0,2,0
2248,खोली,4,3,11,3.6666666666666665,2,2,34,11.333333333333334,30,10.0,0,2,0
2249,कोष्ठ,5,8,72,9.0,3,2,75,9.375,173,21.625,1,1,0
2250,कोठार,5,3,28,9.333333333333334,3,2,31,10.333333333333334,11,3.6666666666666665,0,2,1
2251,धान्यागार,9,1,7,7.0,5,4,15,15.0,0,0.0,1,3,0
2252,कोठी,4,4,25,6.25,2,2,57,14.25,11,2.75,0,2,0
