id,word,length,n_synsets,n_synonyms,n_avg_synonyms,n_consonants,n_vowels,n_hypernyms,n_avg_hypernyms,n_hyponyms,n_avg_hyponyms,n_consonantconjuncts,n_syllables,label
8786,कृति,4,2,10,5.0,2,2,7,3.5,419,209.5,0,2,0
8787,कर्म,4,8,49,6.125,3,1,35,4.375,440,55.0,1,1,0
8788,करम,3,1,8,8.0,3,0,1,1.0,385,385.0,0,2,0
8789,करनी,4,2,11,5.5,3,1,10,5.0,385,192.5,0,2,0
8790,कृत्य,5,2,9,4.5,3,2,9,4.5,385,192.5,1,2,0
8791,आमाल,4,1,8,8.0,2,2,1,1.0,385,385.0,0,2,0
8792,रचना,4,6,31,5.166666666666667,3,1,79,13.166666666666666,134,22.333333333333332,0,2,0
