id,word,length,n_synsets,n_synonyms,n_avg_synonyms,n_consonants,n_vowels,n_hypernyms,n_avg_hypernyms,n_hyponyms,n_avg_hyponyms,n_consonantconjuncts,n_syllables,label
12100,समझौता,6,3,25,8.333333333333334,4,2,17,5.666666666666667,21,7.0,0,4,0
12101,सुलह,4,2,14,7.0,3,1,15,7.5,14,7.0,0,2,0
12102,मुआहिदा,7,1,12,12.0,3,4,9,9.0,3,3.0,0,3,0
12103,अभिसंधि,7,1,12,12.0,3,4,9,9.0,3,3.0,0,4,0
12104,अभिसन्धि,8,1,12,12.0,4,4,9,9.0,3,3.0,1,4,0
12105,कॉन्ट्रैक्ट,11,3,23,7.666666666666667,6,5,36,12.0,7,2.3333333333333335,3,2,1
12106,कान्ट्रैक्ट,11,3,23,7.666666666666667,6,5,36,12.0,7,2.3333333333333335,3,2,1
