id,word,length,n_synsets,n_synonyms,n_avg_synonyms,n_consonants,n_vowels,n_hypernyms,n_avg_hypernyms,n_hyponyms,n_avg_hyponyms,n_consonantconjuncts,n_syllables,label
3888,संग्रह,6,4,19,4.75,4,2,53,13.25,40,10.0,1,2,1
3889,संकलन,5,4,19,4.75,4,1,53,13.25,40,10.0,0,3,1
3890,संहृति,6,3,17,5.666666666666667,3,3,50,16.666666666666668,40,13.333333333333334,0,3,1
3891,संहिता,6,7,36,5.142857142857143,3,3,166,23.714285714285715,34,4.857142857142857,0,3,1
3892,संचय,4,2,14,7.0,3,1,33,16.5,13,6.5,0,2,0
3893,समाहार,6,1,10,10.0,4,2,8,8.0,13,13.0,0,3,0
3894,अवचय,4,2,13,6.5,3,1,9,4.5,16,8.0,0,3,1
3895,उच्चय,5,3,32,10.666666666666666,3,2,22,7.333333333333333,367,122.33333333333333,1,2,1
