id,word,length,n_synsets,n_synonyms,n_avg_synonyms,n_consonants,n_vowels,n_hypernyms,n_avg_hypernyms,n_hyponyms,n_avg_hyponyms,n_consonantconjuncts,n_syllables,label
1251,वर्क,4,1,6,6.0,3,1,6,6.0,0,0.0,1,1,0
1252,वरक़,4,1,6,6.0,3,1,6,6.0,0,0.0,0,2,0
1253,वर्क़,5,1,6,6.0,3,2,6,6.0,0,0.0,1,1,0
1254,वरक,3,1,6,6.0,3,0,6,6.0,0,0.0,0,2,0
1255,तबक़,4,7,33,4.714285714285714,3,1,61,8.714285714285714,93,13.285714285714286,0,2,0
1256,तबक,3,7,33,4.714285714285714,3,0,61,8.714285714285714,93,13.285714285714286,0,2,0
