id,word,length,n_synsets,n_synonyms,n_avg_synonyms,n_consonants,n_vowels,n_hypernyms,n_avg_hypernyms,n_hyponyms,n_avg_hyponyms,n_consonantconjuncts,n_syllables,label
5938,अभिनय,5,2,9,4.5,3,2,21,10.5,19,9.5,0,3,1
5939,अभिनीति,7,1,3,3.0,3,4,13,13.0,19,19.0,0,4,0
5940,नाटक,4,4,19,4.75,3,1,22,5.5,32,8.0,0,2,0
5941,स्वांग,6,2,10,5.0,3,3,35,17.5,0,0.0,1,2,0
5942,स्वाँग,6,2,10,5.0,3,3,35,17.5,0,0.0,1,2,0
5943,साँग,4,6,19,3.1666666666666665,2,2,62,10.333333333333334,2,0.3333333333333333,0,1,1
5944,सांग,4,6,19,3.1666666666666665,2,2,62,10.333333333333334,2,0.3333333333333333,0,1,0
