id,word,length,n_synsets,n_synonyms,n_avg_synonyms,n_consonants,n_vowels,n_hypernyms,n_avg_hypernyms,n_hyponyms,n_avg_hyponyms,n_consonantconjuncts,n_syllables,label
9194,मंत्र,5,2,18,9.0,3,2,14,7.0,46,23.0,1,2,0
9195,मन्त्र,6,2,18,9.0,4,2,14,7.0,46,23.0,2,2,0
9196,ऋचा,3,3,24,8.0,1,2,20,6.666666666666667,46,15.333333333333334,0,2,0
9197,रिचा,4,3,24,8.0,2,2,20,6.666666666666667,46,15.333333333333334,0,2,0
9198,मंतर,4,1,9,9.0,3,1,12,12.0,27,27.0,0,2,0
9199,मन्तर,5,1,9,9.0,4,1,12,12.0,27,27.0,1,2,0
9200,वेदमंत्र,8,1,9,9.0,5,3,2,2.0,19,19.0,1,4,0
9201,वेदमन्त्र,9,1,9,9.0,6,3,2,2.0,19,19.0,2,4,0
9202,ऋक्,3,2,15,7.5,1,2,8,4.0,19,9.5,1,1,0
