id,word,length,n_synsets,n_synonyms,n_avg_synonyms,n_consonants,n_vowels,n_hypernyms,n_avg_hypernyms,n_hyponyms,n_avg_hyponyms,n_consonantconjuncts,n_syllables,label
2420,गढ़,3,5,15,3.0,2,1,75,15.0,40,8.0,0,1,0
2421,किला,4,1,8,8.0,2,2,25,25.0,31,31.0,0,2,0
2422,क़िला,5,1,8,8.0,2,3,25,25.0,31,31.0,0,2,0
2423,दुर्ग,5,3,13,4.333333333333333,3,2,36,12.0,31,10.333333333333334,1,1,0
2424,कोट,3,2,9,4.5,2,1,40,20.0,41,20.5,0,1,0
2425,आसेर,4,1,8,8.0,2,2,25,25.0,31,31.0,0,2,0
2426,अड्डा,5,8,38,4.75,2,3,88,11.0,65,8.125,1,2,0
2427,केंद्र,6,12,70,5.833333333333333,3,3,120,10.0,82,6.833333333333333,1,2,0
2428,केन्द्र,7,11,69,6.2727272727272725,4,3,114,10.363636363636363,82,7.454545454545454,2,2,0
