id,word,length,n_synsets,n_synonyms,n_avg_synonyms,n_consonants,n_vowels,n_hypernyms,n_avg_hypernyms,n_hyponyms,n_avg_hyponyms,n_consonantconjuncts,n_syllables,label
13269,परिक्रमा,8,3,21,7.0,5,3,43,14.333333333333334,9,3.0,1,3,1
13270,फेरा,4,4,35,8.75,2,2,37,9.25,11,2.75,0,2,0
13271,परिक्रमण,8,1,14,14.0,6,2,8,8.0,9,9.0,1,4,0
13272,परिभ्रमण,8,4,30,7.5,6,2,32,8.0,19,4.75,1,4,0
13273,प्रदक्षिणा,10,2,16,8.0,6,4,22,11.0,9,4.5,2,5,0
13274,फिराव,5,2,22,11.0,3,2,23,11.5,9,4.5,0,2,0
13275,आवर्तन,6,7,49,7.0,4,2,20,2.857142857142857,32,4.571428571428571,1,3,0
13276,आवर्त्तन,8,6,48,8.0,5,3,19,3.1666666666666665,32,5.333333333333333,2,3,0
