id,word,length,n_synsets,n_synonyms,n_avg_synonyms,n_consonants,n_vowels,n_hypernyms,n_avg_hypernyms,n_hyponyms,n_avg_hyponyms,n_consonantconjuncts,n_syllables,label
5442,कंजूस,5,1,10,10.0,3,2,15,15.0,4,4.0,0,2,0
5443,कृपण,4,1,10,10.0,3,1,15,15.0,4,4.0,0,2,0
5444,अनुदार,6,1,10,10.0,3,3,15,15.0,4,4.0,0,3,0
5445,सूम,3,1,10,10.0,2,1,15,15.0,4,4.0,0,1,0
5446,सोम,3,7,169,24.142857142857142,2,1,87,12.428571428571429,38,5.428571428571429,0,1,0
5447,पणि,3,2,12,6.0,2,1,19,9.5,4,2.0,0,1,0
5448,करमट्ठा,7,1,10,10.0,5,2,15,15.0,4,4.0,1,4,0
5449,खबीस,4,2,19,9.5,3,1,30,15.0,4,2.0,0,2,0
