id,word,length,n_synsets,n_synonyms,n_avg_synonyms,n_consonants,n_vowels,n_hypernyms,n_avg_hypernyms,n_hyponyms,n_avg_hyponyms,n_consonantconjuncts,n_syllables,label
8807,राष्ट्र,7,3,16,5.333333333333333,4,3,49,16.333333333333332,212,70.66666666666667,2,2,0
8808,देश,3,5,22,4.4,2,1,64,12.8,212,42.4,0,1,0
8809,मुल्क,5,3,18,6.0,3,2,54,18.0,202,67.33333333333333,1,1,0
8810,वतन,3,2,14,7.0,3,0,40,20.0,202,101.0,0,2,0
8811,देस,3,2,14,7.0,2,1,40,20.0,202,101.0,0,1,0
