id,word,length,n_synsets,n_synonyms,n_avg_synonyms,n_consonants,n_vowels,n_hypernyms,n_avg_hypernyms,n_hyponyms,n_avg_hyponyms,n_consonantconjuncts,n_syllables,label
2582,छाप,3,3,15,5.0,2,1,42,14.0,131,43.666666666666664,0,1,0
2583,छापा,4,6,35,5.833333333333333,2,2,31,5.166666666666667,21,3.5,0,2,0
2584,छप्पा,5,2,14,7.0,3,2,47,23.5,6,3.0,1,2,0
2585,प्रभाव,6,5,26,5.2,4,2,62,12.4,33,6.6,1,3,0
2586,असर,3,3,11,3.6666666666666665,2,1,34,11.333333333333334,25,8.333333333333334,0,2,0
2587,रंग,3,5,22,4.4,2,1,53,10.6,27,5.4,0,1,0
2588,रङ्ग,4,5,22,4.4,3,1,53,10.6,27,5.4,1,1,1
2589,तासीर,5,2,9,4.5,3,2,42,21.0,25,12.5,0,2,0
2590,अनुभाव,6,3,10,3.3333333333333335,3,3,29,9.666666666666666,31,10.333333333333334,0,3,0
