id,word,length,n_synsets,n_synonyms,n_avg_synonyms,n_consonants,n_vowels,n_hypernyms,n_avg_hypernyms,n_hyponyms,n_avg_hyponyms,n_consonantconjuncts,n_syllables,label
8197,सिद्धान्त,9,2,16,8.0,5,4,19,9.5,147,73.5,2,2,1
8198,सिद्धांत,8,2,16,8.0,4,4,19,9.5,147,73.5,1,2,1
8199,उसूल,4,2,14,7.0,2,2,17,8.5,116,58.0,0,2,1
8200,नियम,4,5,52,10.4,3,1,29,5.8,268,53.6,0,2,0
8201,असूल,4,2,14,7.0,2,2,17,8.5,116,58.0,0,2,1
8202,आईन,3,2,17,8.5,1,2,10,5.0,155,77.5,0,1,1
8203,आयाम,4,3,19,6.333333333333333,2,2,40,13.333333333333334,172,57.333333333333336,0,2,0
