id,word,length,n_synsets,n_synonyms,n_avg_synonyms,n_consonants,n_vowels,n_hypernyms,n_avg_hypernyms,n_hyponyms,n_avg_hyponyms,n_consonantconjuncts,n_syllables,label
9311,रुपया,5,9,41,4.555555555555555,3,2,30,3.3333333333333335,34,3.7777777777777777,0,2,0
9312,रुपिया,6,8,36,4.5,3,3,25,3.125,32,4.0,0,3,0
9313,रूप्यक,6,1,2,2.0,4,2,5,5.0,0,0.0,1,2,0
9314,नोट,3,3,10,3.3333333333333335,2,1,19,6.333333333333333,2,0.6666666666666666,0,1,0
