id,word,length,n_synsets,n_synonyms,n_avg_synonyms,n_consonants,n_vowels,n_hypernyms,n_avg_hypernyms,n_hyponyms,n_avg_hyponyms,n_consonantconjuncts,n_syllables,label
12026,परिदृश्य,8,1,11,11.0,5,3,3,3.0,18,18.0,1,4,0
12027,दृश्य,5,3,16,5.333333333333333,3,2,17,5.666666666666667,27,9.0,1,2,0
12028,नज़ारा,6,1,11,11.0,3,3,3,3.0,18,18.0,0,3,0
12029,नजारा,5,1,11,11.0,3,2,3,3.0,18,18.0,0,3,0
12030,सीन,3,3,16,5.333333333333333,2,1,20,6.666666666666667,23,7.666666666666667,0,1,0
12031,मंज़र,5,1,11,11.0,3,2,3,3.0,18,18.0,0,1,0
12032,झाँकी,5,3,21,7.0,2,3,30,10.0,18,6.0,0,2,0
