id,word,length,n_synsets,n_synonyms,n_avg_synonyms,n_consonants,n_vowels,n_hypernyms,n_avg_hypernyms,n_hyponyms,n_avg_hyponyms,n_consonantconjuncts,n_syllables,label
14684,अस्तित्व,8,1,13,13.0,4,4,0,0.0,83,83.0,2,2,0
14685,मौजूदगी,7,2,22,11.0,4,3,15,7.5,85,42.5,0,3,0
14686,वज़ूद,5,1,13,13.0,3,2,0,0.0,83,83.0,0,2,0
14687,वजूद,4,1,13,13.0,3,1,0,0.0,83,83.0,0,2,0
14688,संभूति,6,2,14,7.0,3,3,4,2.0,83,41.5,0,3,0
14689,विद्यमानता,10,2,22,11.0,6,4,15,7.5,85,42.5,1,4,0
14690,हस्ती,5,9,158,17.555555555555557,3,2,154,17.11111111111111,138,15.333333333333334,1,2,0
14691,अस्ति,5,2,14,7.0,2,3,4,2.0,83,41.5,1,2,0
14692,नमोंनिशान,9,1,13,13.0,5,4,0,0.0,83,83.0,0,4,0
