id,word,length,n_synsets,n_synonyms,n_avg_synonyms,n_consonants,n_vowels,n_hypernyms,n_avg_hypernyms,n_hyponyms,n_avg_hyponyms,n_consonantconjuncts,n_syllables,label
4515,प्रसाद,6,3,7,2.3333333333333335,4,2,40,13.333333333333334,4,1.3333333333333333,1,3,0
4516,प्रसादी,7,1,4,4.0,4,3,18,18.0,4,4.0,1,4,0
4517,परसाद,5,1,4,4.0,4,1,18,18.0,4,4.0,0,3,0
4518,परसादी,6,1,4,4.0,4,2,18,18.0,4,4.0,0,4,0
4519,बरकत,4,3,44,14.666666666666666,4,0,19,6.333333333333333,11,3.6666666666666665,0,3,0
