id,word,length,n_synsets,n_synonyms,n_avg_synonyms,n_consonants,n_vowels,n_hypernyms,n_avg_hypernyms,n_hyponyms,n_avg_hyponyms,n_consonantconjuncts,n_syllables,label
6025,अध्ययन,6,3,13,4.333333333333333,4,2,17,5.666666666666667,12,4.0,1,3,1
6026,पठन,3,4,19,4.75,3,0,18,4.5,12,3.0,0,2,1
6027,वाचन,4,1,3,3.0,3,1,8,8.0,3,3.0,0,2,0
6028,ज्ञानार्जन,10,1,7,7.0,6,4,8,8.0,9,9.0,2,4,1
6029,पढ़ाई,5,3,17,5.666666666666667,2,3,33,11.0,11,3.6666666666666665,0,2,0
6030,अधीती,5,1,7,7.0,2,3,8,8.0,9,9.0,0,3,0
6031,अधिगमन,6,4,35,8.75,4,2,32,8.0,36,9.0,0,4,1
6032,स्टडी,5,1,7,7.0,3,2,8,8.0,9,9.0,1,2,0
