id,word,length,n_synsets,n_synonyms,n_avg_synonyms,n_consonants,n_vowels,n_hypernyms,n_avg_hypernyms,n_hyponyms,n_avg_hyponyms,n_consonantconjuncts,n_syllables,label
15998,जल्दबाजी,8,1,12,12.0,5,3,8,8.0,0,0.0,1,4,0
15999,जल्दबाज़ी,9,1,12,12.0,5,4,8,8.0,0,0.0,1,3,0
16000,जल्दीबाजी,9,1,12,12.0,5,4,8,8.0,0,0.0,1,4,0
16001,जल्दीबाज़ी,10,1,12,12.0,5,5,8,8.0,0,0.0,1,3,0
16002,हड़बड़ी,7,2,18,9.0,4,3,16,8.0,0,0.0,0,2,0
16003,अफ़रातफ़री,10,3,32,10.666666666666666,5,5,26,8.666666666666666,3,1.0,0,4,0
16004,अफरातफरी,8,3,32,10.666666666666666,5,3,26,8.666666666666666,3,1.0,0,5,0
16005,उजलत,4,1,12,12.0,3,1,8,8.0,0,0.0,0,3,0
