id,word,length,n_synsets,n_synonyms,n_avg_synonyms,n_consonants,n_vowels,n_hypernyms,n_avg_hypernyms,n_hyponyms,n_avg_hyponyms,n_consonantconjuncts,n_syllables,label
3300,ट्यूब,5,4,16,4.0,3,2,31,7.75,16,4.0,1,2,0
3301,टीव,3,1,2,2.0,2,1,9,9.0,0,0.0,0,1,0
3302,वाहिका,6,1,7,7.0,3,3,6,6.0,16,16.0,0,3,0
3303,वाहिनी,6,3,22,7.333333333333333,3,3,63,21.0,74,24.666666666666668,0,3,0
3304,नाल,3,7,31,4.428571428571429,2,1,31,4.428571428571429,51,7.285714285714286,0,1,1
3305,नली,3,4,18,4.5,2,1,16,4.0,32,8.0,0,1,0
3306,नलिका,5,7,44,6.285714285714286,3,2,34,4.857142857142857,18,2.5714285714285716,0,3,0
3307,मेट्रो,6,1,4,4.0,3,3,9,9.0,0,0.0,1,2,0
