id,word,length,n_synsets,n_synonyms,n_avg_synonyms,n_consonants,n_vowels,n_hypernyms,n_avg_hypernyms,n_hyponyms,n_avg_hyponyms,n_consonantconjuncts,n_syllables,label
3411,द्वारा,6,1,8,8.0,3,3,21,21.0,51,51.0,1,3,0
3412,दरवाज़ा,7,4,27,6.75,4,3,76,19.0,53,13.25,0,3,0
3413,दरवाजा,6,4,27,6.75,4,2,76,19.0,53,13.25,0,4,0
3414,द्वार,5,2,11,5.5,3,2,60,30.0,51,25.5,1,2,0
3415,दर,2,3,16,5.333333333333333,2,0,60,20.0,79,26.333333333333332,0,1,0
3416,दुवार,5,1,8,8.0,3,2,21,21.0,51,51.0,0,2,0
3417,गोपुर,5,3,14,4.666666666666667,3,2,27,9.0,51,17.0,0,2,0
3418,अलार,4,3,24,8.0,2,2,100,33.333333333333336,53,17.666666666666668,0,2,0
