id,word,length,n_synsets,n_synonyms,n_avg_synonyms,n_consonants,n_vowels,n_hypernyms,n_avg_hypernyms,n_hyponyms,n_avg_hyponyms,n_consonantconjuncts,n_syllables,label
7803,भांति,5,1,11,11.0,2,3,9,9.0,11,11.0,0,2,0
7804,प्रकार,6,5,26,5.2,4,2,53,10.6,11,2.2,1,3,1
7805,तरह,3,3,16,5.333333333333333,3,0,37,12.333333333333334,11,3.6666666666666665,0,2,1
7806,किस्म,5,1,11,11.0,3,2,9,9.0,11,11.0,1,1,1
7807,क़िस्म,6,1,11,11.0,3,3,9,9.0,11,11.0,1,1,1
7808,भाँति,5,1,11,11.0,2,3,9,9.0,11,11.0,0,2,0
7809,आकर,3,4,33,8.25,2,1,38,9.5,24,6.0,0,2,0
7810,क्वालिटी,8,2,13,6.5,4,4,22,11.0,12,6.0,1,4,1
