id,word,length,n_synsets,n_synonyms,n_avg_synonyms,n_consonants,n_vowels,n_hypernyms,n_avg_hypernyms,n_hyponyms,n_avg_hyponyms,n_consonantconjuncts,n_syllables,label
14125,जेब,3,2,10,5.0,2,1,7,3.5,0,0.0,0,1,0
14126,पाकेट,5,3,11,3.6666666666666665,3,2,14,4.666666666666667,0,0.0,0,2,0
14127,पॉकेट,5,2,10,5.0,3,2,7,3.5,0,0.0,0,2,0
14128,खीसा,4,2,10,5.0,2,2,15,7.5,19,9.5,0,2,0
14129,घूघी,4,3,23,7.666666666666667,2,2,58,19.333333333333332,23,7.666666666666667,0,2,0
