id,word,length,n_synsets,n_synonyms,n_avg_synonyms,n_consonants,n_vowels,n_hypernyms,n_avg_hypernyms,n_hyponyms,n_avg_hyponyms,n_consonantconjuncts,n_syllables,label
6839,प्रांत,6,4,25,6.25,3,3,68,17.0,545,136.25,1,2,0
6840,प्रान्त,7,4,25,6.25,4,3,68,17.0,545,136.25,2,2,1
6841,सूबा,4,3,13,4.333333333333333,2,2,50,16.666666666666668,192,64.0,0,2,0
6842,क्षेत्र,7,8,37,4.625,4,3,101,12.625,413,51.625,2,3,0
6843,दयार,4,2,33,16.5,3,1,56,28.0,354,177.0,0,2,1
6844,फील्ड,5,4,23,5.75,3,2,92,23.0,379,94.75,1,1,0
