id,word,length,n_synsets,n_synonyms,n_avg_synonyms,n_consonants,n_vowels,n_hypernyms,n_avg_hypernyms,n_hyponyms,n_avg_hyponyms,n_consonantconjuncts,n_syllables,label
14499,नियंत्रण,8,2,18,9.0,5,3,9,4.5,8,4.0,1,3,0
14500,अंकुश,5,2,16,8.0,2,3,14,7.0,0,0.0,0,2,1
14501,नियन्त्रण,9,2,18,9.0,6,3,9,4.5,8,4.0,2,3,0
14502,दबाव,4,3,17,5.666666666666667,3,1,29,9.666666666666666,3,1.0,0,2,0
14503,दबिश,4,1,11,11.0,3,1,1,1.0,0,0.0,0,2,1
14504,लगाम,4,3,28,9.333333333333334,3,1,8,2.6666666666666665,0,0.0,0,2,0
14505,कंट्रोल,7,2,18,9.0,4,3,9,4.5,8,4.0,1,2,0
14506,कन्ट्रोल,8,1,11,11.0,5,3,1,1.0,0,0.0,2,2,0
