id,word,length,n_synsets,n_synonyms,n_avg_synonyms,n_consonants,n_vowels,n_hypernyms,n_avg_hypernyms,n_hyponyms,n_avg_hyponyms,n_consonantconjuncts,n_syllables,label
12207,नेजा,4,1,10,10.0,2,2,4,4.0,5,5.0,0,2,0
12208,भाला,4,1,10,10.0,2,2,4,4.0,5,5.0,0,2,0
12209,बरछा,4,1,10,10.0,3,1,4,4.0,5,5.0,0,2,0
12210,बर्छा,5,1,10,10.0,3,2,4,4.0,5,5.0,1,2,0
12211,वज्र,4,8,106,13.25,3,1,91,11.375,15,1.875,1,2,0
12212,बल्लम,5,3,26,8.666666666666666,4,1,23,7.666666666666667,17,5.666666666666667,1,2,0
12213,बज्र,4,4,52,13.0,3,1,15,3.75,8,2.0,1,2,0
12214,ईठी,3,1,10,10.0,1,2,4,4.0,5,5.0,0,2,0
12215,बाँस,4,5,57,11.4,2,2,28,5.6,29,5.8,0,1,0
