id,word,length,n_synsets,n_synonyms,n_avg_synonyms,n_consonants,n_vowels,n_hypernyms,n_avg_hypernyms,n_hyponyms,n_avg_hyponyms,n_consonantconjuncts,n_syllables,label
4777,कार्ड,5,5,15,3.0,3,2,33,6.6,31,6.2,1,1,0
4778,ताश,3,3,10,3.3333333333333335,2,1,31,10.333333333333334,16,5.333333333333333,0,1,0
4779,पत्ता,5,6,36,6.0,3,2,32,5.333333333333333,79,13.166666666666666,1,2,0
4780,तास,3,1,6,6.0,2,1,6,6.0,2,2.0,0,1,0
4781,गंजीफा,6,2,8,4.0,3,3,7,3.5,2,1.0,0,3,0
4782,गंजीफ़ा,7,2,8,4.0,3,4,7,3.5,2,1.0,0,2,0
4783,पोस्टकार्ड,10,1,3,3.0,6,4,6,6.0,0,0.0,2,3,0
