id,word,length,n_synsets,n_synonyms,n_avg_synonyms,n_consonants,n_vowels,n_hypernyms,n_avg_hypernyms,n_hyponyms,n_avg_hyponyms,n_consonantconjuncts,n_syllables,label
13045,हुक्म,5,1,14,14.0,3,2,5,5.0,22,22.0,1,1,0
13046,आदेश,4,4,24,6.0,2,2,35,8.75,22,5.5,0,2,0
13047,हुकुम,5,2,16,8.0,3,2,11,5.5,22,11.0,0,2,0
13048,आज्ञप्ति,8,1,14,14.0,4,4,5,5.0,22,22.0,2,3,0
13049,अनुज्ञापन,9,1,14,14.0,5,4,5,5.0,22,22.0,1,4,0
13050,इरशाद,5,3,31,10.333333333333334,3,2,24,8.0,26,8.666666666666666,0,3,0
13051,इर्शाद,6,3,31,10.333333333333334,3,3,24,8.0,26,8.666666666666666,1,2,0
13052,आयसु,4,1,14,14.0,2,2,5,5.0,22,22.0,0,2,0
