id,word,length,n_synsets,n_synonyms,n_avg_synonyms,n_consonants,n_vowels,n_hypernyms,n_avg_hypernyms,n_hyponyms,n_avg_hyponyms,n_consonantconjuncts,n_syllables,label
12741,ऐक्य,4,1,14,14.0,2,2,16,16.0,3,3.0,1,2,0
12742,एकता,4,1,14,14.0,2,2,16,16.0,3,3.0,0,2,0
12743,एकजुटता,7,1,14,14.0,4,3,16,16.0,3,3.0,0,4,0
12744,संघटन,5,3,26,8.666666666666666,4,1,88,29.333333333333332,224,74.66666666666667,0,3,0
12745,संगठन,5,3,26,8.666666666666666,4,1,88,29.333333333333332,224,74.66666666666667,0,3,0
12746,इकता,4,1,14,14.0,2,2,16,16.0,3,3.0,0,2,0
12747,इकताई,5,2,19,9.5,2,3,31,15.5,3,1.5,0,3,0
12748,इत्तिहाद,8,1,14,14.0,4,4,16,16.0,3,3.0,1,3,0
12749,इत्तहाद,7,1,14,14.0,4,3,16,16.0,3,3.0,1,3,0
