id,word,length,n_synsets,n_synonyms,n_avg_synonyms,n_consonants,n_vowels,n_hypernyms,n_avg_hypernyms,n_hyponyms,n_avg_hyponyms,n_consonantconjuncts,n_syllables,label
11202,संज्ञान,7,1,10,10.0,4,3,0,0.0,488,488.0,1,2,0
11203,बोध,3,3,20,6.666666666666667,2,1,10,3.3333333333333335,491,163.66666666666666,0,1,0
11204,बोधि,4,2,15,7.5,2,2,37,18.5,488,244.0,0,2,0
11205,अवबोध,5,3,19,6.333333333333333,3,2,2,0.6666666666666666,488,162.66666666666666,0,3,0
11206,अवगम,4,1,10,10.0,3,1,0,0.0,488,488.0,0,3,0
