id,word,length,n_synsets,n_synonyms,n_avg_synonyms,n_consonants,n_vowels,n_hypernyms,n_avg_hypernyms,n_hyponyms,n_avg_hyponyms,n_consonantconjuncts,n_syllables,label
6366,सुनवाई,6,3,11,3.6666666666666665,3,3,15,5.0,1,0.3333333333333333,0,3,0
6367,पेशी,4,2,8,4.0,2,2,12,6.0,0,0.0,0,2,0
6368,श्रवण,5,5,21,4.2,4,1,12,2.4,1,0.2,1,3,0
6369,श्रुति,6,7,33,4.714285714285714,3,3,48,6.857142857142857,18,2.5714285714285716,1,3,0
6370,सुनना,5,1,8,8.0,3,2,1,1.0,1,1.0,0,2,0
6371,आकर्णन,6,1,8,8.0,4,2,1,1.0,1,1.0,1,3,0
6372,निशामन,6,2,20,10.0,4,2,11,5.5,8,4.0,0,3,0
6373,आश्रुति,7,3,20,6.666666666666667,3,4,17,5.666666666666667,4,1.3333333333333333,1,3,0
6374,सुनाई,5,1,8,8.0,2,3,1,1.0,1,1.0,0,2,0
