id,word,length,n_synsets,n_synonyms,n_avg_synonyms,n_consonants,n_vowels,n_hypernyms,n_avg_hypernyms,n_hyponyms,n_avg_hyponyms,n_consonantconjuncts,n_syllables,label
4035,लौट,3,1,9,9.0,2,1,1,1.0,3,3.0,0,1,0
4036,वापसी,5,3,14,4.666666666666667,3,2,14,4.666666666666667,8,2.6666666666666665,0,2,0
4037,लौटान,5,1,9,9.0,3,2,1,1.0,3,3.0,0,2,0
4038,प्रत्यर्पण,10,3,13,4.333333333333333,7,3,17,5.666666666666667,4,1.3333333333333333,3,4,0
4039,अपावर्तन,8,1,9,9.0,5,3,1,1.0,3,3.0,1,4,0
4040,बहोर,4,1,9,9.0,3,1,1,1.0,3,3.0,0,2,0
4041,फिरौती,6,5,23,4.6,3,3,63,12.6,4,0.8,0,3,0
4042,प्रतिगमन,8,2,12,6.0,6,2,10,5.0,3,1.5,1,5,0
4043,लौटना,5,1,9,9.0,3,2,1,1.0,3,3.0,0,2,0
