id,word,length,n_synsets,n_synonyms,n_avg_synonyms,n_consonants,n_vowels,n_hypernyms,n_avg_hypernyms,n_hyponyms,n_avg_hyponyms,n_consonantconjuncts,n_syllables,label
8445,प्रेत,5,2,15,7.5,3,2,11,5.5,26,13.0,1,2,0
8446,भूत,3,3,21,7.0,2,1,20,6.666666666666667,57,19.0,0,1,0
8447,पिशाच,5,2,15,7.5,3,2,11,5.5,26,13.0,0,2,0
8448,बैताल,5,2,16,8.0,3,2,13,6.5,26,13.0,0,2,0
8449,वैताल,5,2,16,8.0,3,2,13,6.5,26,13.0,0,2,0
8450,छाया,4,8,36,4.5,2,2,63,7.875,14,1.75,0,2,0
8451,साया,4,6,34,5.666666666666667,2,2,63,10.5,14,2.3333333333333335,0,2,0
8452,आसेब,4,3,49,16.333333333333332,2,2,59,19.666666666666668,32,10.666666666666666,0,2,1
8453,मलिनमुख,7,3,77,25.666666666666668,5,2,18,6.0,73,24.333333333333332,0,4,0
