id,word,length,n_synsets,n_synonyms,n_avg_synonyms,n_consonants,n_vowels,n_hypernyms,n_avg_hypernyms,n_hyponyms,n_avg_hyponyms,n_consonantconjuncts,n_syllables,label
891,निर्वहन,7,1,10,10.0,5,2,1,1.0,11,11.0,1,3,0
892,निर्वाह,7,1,10,10.0,4,3,1,1.0,11,11.0,1,2,0
893,निबाह,5,1,10,10.0,3,2,1,1.0,11,11.0,0,2,0
894,गुज़ारा,7,3,27,9.0,3,4,36,12.0,16,5.333333333333333,0,3,0
895,गुजारा,6,3,27,9.0,3,3,36,12.0,16,5.333333333333333,0,3,0
896,गुजर,4,3,20,6.666666666666667,3,1,23,7.666666666666667,11,3.6666666666666665,0,2,0
897,बसर,3,1,10,10.0,3,0,1,1.0,11,11.0,0,2,0
898,निर्वहण,7,1,10,10.0,5,2,1,1.0,11,11.0,1,3,0
