id,word,length,n_synsets,n_synonyms,n_avg_synonyms,n_consonants,n_vowels,n_hypernyms,n_avg_hypernyms,n_hyponyms,n_avg_hyponyms,n_consonantconjuncts,n_syllables,label
2239,संवेदना,7,2,9,4.5,4,3,16,8.0,2,1.0,0,3,0
2240,सहानुभूति,9,1,3,3.0,5,4,6,6.0,0,0.0,0,5,0
2241,हमदर्दी,7,1,3,3.0,5,2,6,6.0,0,0.0,1,4,1
2242,अनुभूति,7,1,6,6.0,3,4,10,10.0,2,2.0,0,4,0
2243,अहसास,5,1,6,6.0,3,2,10,10.0,2,2.0,0,3,0
2244,एहसास,5,1,6,6.0,3,2,10,10.0,2,2.0,0,3,0
2245,संज्ञा,6,7,70,10.0,3,3,34,4.857142857142857,538,76.85714285714286,1,2,1
2246,अनुभव,5,3,13,4.333333333333333,3,2,28,9.333333333333334,28,9.333333333333334,0,3,0
